station_id,name,lat,lon,elevation_m,cluster,cadence_min,source,pressure_source,period_start,period_end,chosen_cadence,native_reporting_interval,temp_synoptic_coverage_pct,mslp_synoptic_coverage_pct,rh_synoptic_coverage_pct,complete_triplet_synoptic_coverage_pct,low_coverage,in_default_set
42181,New Delhi / Palam,28.5667,77.1167,220.0,a,180,"Meteostat Python 1.7.6 Hourly, model=False, no interpolation",sea-level pressure (station pressure not available from source),2023-01-01T00:00:00+00:00,2025-12-31T23:00:00+00:00,3-hourly,hourly,99.6578,99.6008,99.6578,99.6008,False,True
42348,Jaipur / Sanganer,26.8167,75.8,385.0,a,180,"Meteostat Python 1.7.6 Hourly, model=False, no interpolation",sea-level pressure (station pressure not available from source),2023-01-01T00:00:00+00:00,2025-12-31T23:00:00+00:00,3-hourly,hourly,99.5324,99.5096,99.5096,99.4868,False,True
42182,New Delhi / Safdarjung,28.5833,77.2,211.0,a,180,"Meteostat Python 1.7.6 Hourly, model=False, no interpolation",sea-level pressure (station pressure not available from source),2023-01-01T00:00:00+00:00,2025-12-31T23:00:00+00:00,3-hourly,3-hourly,85.333,85.3216,85.276,85.2418,False,True
42170,Churu,28.25,74.9167,290.0,a,180,"Meteostat Python 1.7.6 Hourly, model=False, no interpolation",sea-level pressure (station pressure not available from source),2023-01-01T00:00:00+00:00,2025-12-31T23:00:00+00:00,3-hourly,3-hourly,85.276,85.1391,85.2076,85.0707,False,True
42101,Patiala,30.3333,76.4667,249.0,a,180,"Meteostat Python 1.7.6 Hourly, model=False, no interpolation",sea-level pressure (station pressure not available from source),2023-01-01T00:00:00+00:00,2025-12-31T23:00:00+00:00,3-hourly,3-hourly,84.8996,84.8996,84.8882,84.8312,False,True
42189,Bareilly,28.3667,79.4,167.0,a,180,"Meteostat Python 1.7.6 Hourly, model=False, no interpolation",sea-level pressure (station pressure not available from source),2023-01-01T00:00:00+00:00,2025-12-31T23:00:00+00:00,3-hourly,3-hourly,84.8996,84.7628,84.8882,84.74,False,True
42103,Ambala,30.3833,76.7667,271.0,a,180,"Meteostat Python 1.7.6 Hourly, model=False, no interpolation",sea-level pressure (station pressure not available from source),2023-01-01T00:00:00+00:00,2025-12-31T23:00:00+00:00,3-hourly,3-hourly,84.74,84.5005,84.6943,84.3978,False,True
42111,Dehradun,30.3167,78.0333,683.0,a,180,"Meteostat Python 1.7.6 Hourly, model=False, no interpolation",sea-level pressure (station pressure not available from source),2023-01-01T00:00:00+00:00,2025-12-31T23:00:00+00:00,3-hourly,3-hourly,84.4891,84.432,84.4434,84.3294,False,True
42131,Hissar,29.1667,75.7333,216.0,a,180,"Meteostat Python 1.7.6 Hourly, model=False, no interpolation",sea-level pressure (station pressure not available from source),2023-01-01T00:00:00+00:00,2025-12-31T23:00:00+00:00,3-hourly,3-hourly,83.1889,83.0178,83.1318,82.8809,False,True
43003,Bombay / Santacruz,19.1167,72.85,8.0,c,180,"Meteostat Python 1.7.6 Hourly, model=False, no interpolation",sea-level pressure (station pressure not available from source),2023-01-01T00:00:00+00:00,2025-12-31T23:00:00+00:00,3-hourly,hourly,99.9088,99.8974,99.9088,99.8974,False,True
43014,Aurangabad Chikalthan Aerodrome,19.85,75.4,582.0,c,180,"Meteostat Python 1.7.6 Hourly, model=False, no interpolation",sea-level pressure (station pressure not available from source),2023-01-01T00:00:00+00:00,2025-12-31T23:00:00+00:00,3-hourly,mixed,97.4339,97.3198,97.4224,97.297,False,True
43063,Poona,18.5333,73.85,555.0,c,180,"Meteostat Python 1.7.6 Hourly, model=False, no interpolation",sea-level pressure (station pressure not available from source),2023-01-01T00:00:00+00:00,2025-12-31T23:00:00+00:00,3-hourly,3-hourly,85.6182,85.5839,85.5497,85.3901,False,True
43110,Ratnagiri,16.9833,73.3333,75.0,c,180,"Meteostat Python 1.7.6 Hourly, model=False, no interpolation",sea-level pressure (station pressure not available from source),2023-01-01T00:00:00+00:00,2025-12-31T23:00:00+00:00,3-hourly,3-hourly,84.3978,84.3864,84.3864,84.3636,False,True
42921,Nasik,20.0,73.7833,598.0,c,180,"Meteostat Python 1.7.6 Hourly, model=False, no interpolation",sea-level pressure (station pressure not available from source),2023-01-01T00:00:00+00:00,2025-12-31T23:00:00+00:00,3-hourly,3-hourly,84.0214,83.9644,83.9758,83.8846,False,True
43117,Sholapur,17.6667,75.9,477.0,c,180,"Meteostat Python 1.7.6 Hourly, model=False, no interpolation",sea-level pressure (station pressure not available from source),2023-01-01T00:00:00+00:00,2025-12-31T23:00:00+00:00,3-hourly,3-hourly,82.516,82.5502,82.5046,82.4703,False,True
43157,Kolhapur,16.7,74.2333,569.0,c,180,"Meteostat Python 1.7.6 Hourly, model=False, no interpolation",sea-level pressure (station pressure not available from source),2023-01-01T00:00:00+00:00,2025-12-31T23:00:00+00:00,3-hourly,hourly,48.7454,48.6884,48.7226,48.6656,True,False
43002,Bombay / Juhu,19.1167,72.8333,4.0,c,180,"Meteostat Python 1.7.6 Hourly, model=False, no interpolation",sea-level pressure (station pressure not available from source),2023-01-01T00:00:00+00:00,2025-12-31T23:00:00+00:00,3-hourly,hourly,45.917,45.917,45.917,45.917,True,False
43001,Dahanu,19.9667,72.7167,4.0,c,180,"Meteostat Python 1.7.6 Hourly, model=False, no interpolation",sea-level pressure (station pressure not available from source),2023-01-01T00:00:00+00:00,2025-12-31T23:00:00+00:00,3-hourly,mixed,43.0885,43.0771,43.0885,43.0771,True,False
43109,Harnai,17.8167,73.1,17.0,c,180,"Meteostat Python 1.7.6 Hourly, model=False, no interpolation",sea-level pressure (station pressure not available from source),2023-01-01T00:00:00+00:00,2025-12-31T23:00:00+00:00,3-hourly,mixed,40.5109,40.4767,40.4881,40.4311,True,False
43057,Bombay / Colaba,18.9,72.8167,10.0,c,180,"Meteostat Python 1.7.6 Hourly, model=False, no interpolation",sea-level pressure (station pressure not available from source),2023-01-01T00:00:00+00:00,2025-12-31T23:00:00+00:00,3-hourly,mixed,39.6556,39.6556,39.6442,39.6442,True,False
