station_id,name,cluster,latitude,longitude,elevation_m,distance_km,station_kind,wmo,icao,status,temp_c_synoptic_coverage_pct,mslp_hpa_synoptic_coverage_pct,rh_pct_synoptic_coverage_pct,complete_triplet_synoptic_coverage_pct,raw_rows_returned,raw_complete_rows,modal_interval_hours,modal_interval_share_pct,native_reporting_interval,first_raw_observation,last_raw_observation
42181,New Delhi / Palam,a,28.5667,77.1167,220.0,10.3,airport/ICAO,42181,VIDP,ok,99.6578,99.6008,99.6578,99.6008,26149,25438,1.0,99.7399,hourly,2023-01-01T00:00:00+00:00,2025-12-31T23:00:00+00:00
42348,Jaipur / Sanganer,a,26.8167,75.8,385.0,242.95,airport/ICAO,42348,VIJP,ok,99.5324,99.5096,99.5096,99.4868,25832,25097,1.0,98.8154,hourly,2023-01-01T00:00:00+00:00,2025-12-31T23:00:00+00:00
42182,New Delhi / Safdarjung,a,28.5833,77.2,211.0,3.13,airport/ICAO,42182,VIDD,ok,85.333,85.3216,85.276,85.2418,7595,7581,3.0,96.01,3-hourly,2023-01-01T00:00:00+00:00,2025-11-13T12:00:00+00:00
42170,Churu,a,28.25,74.9167,290.0,227.79,WMO,42170,,ok,85.276,85.1391,85.2076,85.0707,7477,7459,3.0,98.649,3-hourly,2023-01-01T00:00:00+00:00,2025-08-24T21:00:00+00:00
42101,Patiala,a,30.3333,76.4667,249.0,204.69,WMO,42101,,ok,84.8996,84.8996,84.8882,84.8312,7449,7438,3.0,98.2009,3-hourly,2023-01-01T00:00:00+00:00,2025-08-24T18:00:00+00:00
42189,Bareilly,a,28.3667,79.4,167.0,215.73,airport/ICAO,42189,VIBY,ok,84.8996,84.7628,84.8882,84.74,8566,8342,3.0,76.2639,3-hourly,2023-01-01T00:00:00+00:00,2025-08-24T21:00:00+00:00
42103,Ambala,a,30.3833,76.7667,271.0,201.8,WMO,42103,,ok,84.74,84.5005,84.6943,84.3978,7437,7400,3.0,98.0366,3-hourly,2023-01-01T00:00:00+00:00,2025-08-24T21:00:00+00:00
42111,Dehradun,a,30.3167,78.0333,683.0,205.83,WMO,42111,,ok,84.4891,84.432,84.4434,84.3294,7413,7394,3.0,97.7874,3-hourly,2023-01-01T00:00:00+00:00,2025-08-24T21:00:00+00:00
42131,Hissar,a,29.1667,75.7333,216.0,156.53,airport/ICAO,42131,VIHR,ok,83.1889,83.0178,83.1318,82.8809,7302,7268,3.0,96.5758,3-hourly,2023-01-01T00:00:00+00:00,2025-08-24T21:00:00+00:00
42139,Meerut,a,29.0167,77.6333,221.0,61.2,WMO,42139,,ok,42.8832,42.8832,42.8832,42.8832,3761,3760,3.0,74.3617,mixed,2023-01-01T03:00:00+00:00,2025-08-24T12:00:00+00:00
42148,Pantnagar,a,29.0333,79.4667,233.0,224.83,WMO,42148,,ok,42.7806,42.7692,42.7806,42.7464,3753,3748,3.0,74.2804,mixed,2023-01-01T03:00:00+00:00,2025-08-24T12:00:00+00:00
VIDN0,Dehradun / R?ni Pokhri,a,30.1897,78.1803,558.0,199.22,airport/ICAO,,VIDN,ok,41.9708,41.9708,41.9822,41.9594,10470,10465,1.0,91.1835,hourly,2023-03-22T05:00:00+00:00,2025-11-13T12:00:00+00:00
42146,Nainital,a,29.4,79.4667,1953.0,236.38,airport/ICAO,42146,VIPT,ok,26.6309,26.6423,26.6195,26.6081,7357,7353,1.0,86.9494,hourly,2023-02-24T06:00:00+00:00,2025-12-31T11:00:00+00:00
42143,Najibabad,a,29.6167,78.3833,269.0,159.76,WMO,42143,,ok,20.4494,20.4608,20.4494,20.438,1795,1792,9.0,47.4359,mixed,2023-01-01T03:00:00+00:00,2025-08-24T12:00:00+00:00
42176,Rohtak,a,28.8333,76.5833,0.0,65.96,WMO,42176,,ok,19.6168,19.6282,19.537,19.4685,1728,1708,15.0,45.5124,mixed,2023-01-01T03:00:00+00:00,2025-08-24T12:00:00+00:00
42174,Pilani,a,28.3333,75.5833,300.0,161.95,WMO,42174,,ok,15.4197,15.3969,15.3399,15.1916,1365,1332,15.0,37.9765,mixed,2023-01-01T03:00:00+00:00,2025-08-24T12:00:00+00:00
42249,Sikar,a,27.6167,75.1333,431.0,231.69,WMO,42249,,ok,15.8075,15.203,15.7961,15.146,1390,1328,15.0,38.8049,mixed,2023-01-01T03:00:00+00:00,2025-08-24T12:00:00+00:00
42260,Agra,a,27.15,77.9667,168.0,178.57,airport/ICAO,42260,VIAG,ok,15.682,14.359,15.682,14.359,2310,2024,1.0,35.2534,mixed,2023-01-02T18:00:00+00:00,2025-11-13T00:00:00+00:00
42177,Narnaul,a,28.0,76.0833,306.0,129.49,WMO,42177,,ok,14.3134,14.2906,14.2792,14.245,1256,1249,9.0,45.5777,mixed,2023-01-01T03:00:00+00:00,2024-12-03T03:00:00+00:00
42187,Moradabad,a,28.8333,78.75,0.0,152.21,WMO,42187,,ok,13.8458,13.8002,13.823,13.766,1216,1207,9.0,35.5556,mixed,2023-01-01T12:00:00+00:00,2025-08-23T12:00:00+00:00
42255,Alwar,a,27.5,76.5833,270.0,137.9,WMO,42255,,ok,14.6556,9.6829,14.6556,9.6715,1287,848,15.0,36.6252,mixed,2023-01-01T03:00:00+00:00,2025-08-24T12:00:00+00:00
42137,Karnal,a,29.7,77.0333,248.0,122.41,WMO,42137,,ok,8.6679,8.6451,8.6679,8.6451,760,758,24.0,78.9196,mixed,2023-01-02T03:00:00+00:00,2025-08-23T03:00:00+00:00
42262,Aligarh,a,27.8833,78.0667,186.0,116.5,airport/ICAO,42262,VIAH,ok,18.3394,7.7669,18.3166,7.7555,1611,681,15.0,43.0435,mixed,2023-01-01T03:00:00+00:00,2025-08-24T12:00:00+00:00
42105,Chandigarh / S?rajpur,a,30.7333,76.8833,347.0,238.2,airport/ICAO,42105,VICG,ok,7.5844,6.1588,7.5844,6.1588,1781,1441,1.0,56.236,mixed,2023-01-02T18:00:00+00:00,2025-11-13T00:00:00+00:00
42104,Ambala / Amb?la,a,30.4,76.7667,958.0,203.61,WMO,42104,,ok,18.6474,0.0798,18.5789,0.0798,1640,7,9.0,43.7462,mixed,2023-01-01T12:00:00+00:00,2025-08-24T12:00:00+00:00
42140,Roorkee,a,29.85,77.8833,273.0,152.58,WMO,42140,,ok,0.0,0.0,0.0,0.0,0,0,,0.0,unknown,,
42188,Rampur,a,28.75,79.0,191.0,175.31,WMO,42188,,ok,0.0,0.0,0.0,0.0,0,0,,0.0,unknown,,
42261,Agra,a,27.1667,78.0333,168.0,179.73,WMO,42261,,ok,0.0,0.0,0.0,0.0,0,0,,0.0,unknown,,
42112,Mussoorie,a,30.45,78.0833,2005.0,221.36,WMO,42112,,ok,0.0,0.0,0.0,0.0,0,0,,0.0,unknown,,
42354,Dholpur,a,26.6667,77.8333,175.0,224.64,WMO,42354,,ok,0.0,0.0,0.0,0.0,0,0,,0.0,unknown,,
42114,Tehri,a,30.4,78.4833,0.0,234.09,WMO,42114,,ok,42.7235,0.0,42.7121,0.0,3750,0,3.0,74.2331,mixed,2023-01-01T03:00:00+00:00,2025-08-24T12:00:00+00:00
42265,Mainpuri,a,27.2333,79.05,156.0,236.88,WMO,42265,,ok,0.0,0.0,0.0,0.0,0,0,,0.0,unknown,,
43003,Bombay / Santacruz,c,19.1167,72.85,8.0,125.31,airport/ICAO,43003,VABB,ok,99.9088,99.8974,99.9088,99.8974,25987,25271,1.0,99.2881,hourly,2023-01-01T00:00:00+00:00,2025-12-31T23:00:00+00:00
43014,Aurangabad Chikalthan Aerodrome,c,19.85,75.4,582.0,219.15,airport/ICAO,43014,VAAU,ok,97.4339,97.3198,97.4224,97.297,17232,16705,1.0,73.5593,mixed,2023-01-01T00:00:00+00:00,2025-12-31T21:00:00+00:00
43063,Poona,c,18.5333,73.85,555.0,1.82,WMO,43063,,ok,85.6182,85.5839,85.5497,85.3901,7521,7488,3.0,99.0559,3-hourly,2023-01-01T00:00:00+00:00,2025-08-24T18:00:00+00:00
43110,Ratnagiri,c,16.9833,73.3333,75.0,179.75,WMO,43110,,ok,84.3978,84.3864,84.3864,84.3636,7402,7398,3.0,97.703,3-hourly,2023-01-01T00:00:00+00:00,2025-08-24T18:00:00+00:00
42921,Nasik,c,20.0,73.7833,598.0,164.77,WMO,42921,,ok,84.0214,83.9644,83.9758,83.8846,7372,7357,3.0,97.3409,3-hourly,2023-01-01T00:00:00+00:00,2025-08-24T18:00:00+00:00
43117,Sholapur,c,17.6667,75.9,477.0,235.57,airport/ICAO,43117,VASL,ok,82.516,82.5502,82.5046,82.4703,7707,7695,3.0,87.4643,3-hourly,2023-01-01T00:00:00+00:00,2025-12-31T10:00:00+00:00
43157,Kolhapur,c,16.7,74.2333,569.0,206.21,airport/ICAO,43157,VAKP,ok,48.7454,48.6884,48.7226,48.6656,11172,10866,1.0,87.1005,hourly,2023-01-01T03:00:00+00:00,2025-12-31T11:00:00+00:00
43002,Bombay / Juhu,c,19.1167,72.8333,4.0,126.8,airport/ICAO,43002,VAJJ,ok,45.917,45.917,45.917,45.917,11210,11210,1.0,90.0437,hourly,2023-01-01T02:00:00+00:00,2025-12-31T12:00:00+00:00
43001,Dahanu,c,19.9667,72.7167,4.0,200.71,WMO,43001,,ok,43.0885,43.0771,43.0885,43.0771,3778,3777,3.0,53.005,mixed,2023-01-01T00:00:00+00:00,2025-08-24T12:00:00+00:00
43109,Harnai,c,17.8167,73.1,17.0,112.08,WMO,43109,,ok,40.5109,40.4767,40.4881,40.4311,3554,3545,3.0,68.027,mixed,2023-01-01T03:00:00+00:00,2025-08-24T12:00:00+00:00
43057,Bombay / Colaba,c,18.9,72.8167,10.0,117.72,WMO,43057,,ok,39.6556,39.6556,39.6442,39.6442,3479,3477,3.0,56.958,mixed,2023-01-01T03:00:00+00:00,2025-08-24T15:00:00+00:00
43158,Sangli,c,16.85,74.6,545.0,201.56,WMO,43158,,ok,28.912,28.8321,28.8321,28.7865,2535,2524,3.0,38.4767,mixed,2023-01-01T03:00:00+00:00,2025-08-24T12:00:00+00:00
43005,T.B.I.A,c,19.15,72.0,13.0,207.9,WMO,43005,,ok,28.7865,28.7523,28.6839,28.5698,2534,2505,3.0,50.8093,mixed,2023-01-01T03:00:00+00:00,2025-08-24T12:00:00+00:00
43113,Satara,c,17.5167,74.05,610.0,113.36,WMO,43113,,ok,21.2135,21.2363,21.2135,21.2135,1862,1860,9.0,48.7372,mixed,2023-01-01T03:00:00+00:00,2025-08-24T12:00:00+00:00
43069,Baramati,c,18.15,74.5833,550.0,86.72,WMO,43069,,ok,17.1533,17.1305,17.1419,17.1305,1504,1502,9.0,46.507,mixed,2023-01-01T03:00:00+00:00,2025-08-24T12:00:00+00:00
42925,Malegaon,c,20.55,74.5333,436.0,236.5,WMO,42925,,ok,14.4047,14.3818,14.359,14.3362,1263,1257,9.0,42.4723,mixed,2023-01-01T03:00:00+00:00,2025-08-24T12:00:00+00:00
43058,Alibag,c,18.6333,72.8667,5.0,105.45,WMO,43058,,ok,13.6861,13.6405,13.5607,13.5265,1201,1186,9.0,41.75,mixed,2023-01-02T03:00:00+00:00,2025-08-22T12:00:00+00:00
43009,Ahmadnagar,c,19.0833,74.8,655.0,117.1,WMO,43009,,ok,12.2833,11.9982,12.2377,11.8955,1082,1043,9.0,41.5356,mixed,2023-03-21T12:00:00+00:00,2025-08-24T12:00:00+00:00
43064,Poona / Lohogaon Aerodrome,c,18.5833,73.9167,589.0,9.23,airport/ICAO,43064,VAPO,ok,8.7591,8.7591,8.7591,8.7591,2071,2070,1.0,53.285,mixed,2023-01-02T17:00:00+00:00,2025-07-16T04:00:00+00:00
43071,Jeur,c,18.2,75.2,519.0,145.82,WMO,43071,,ok,8.7705,14.5871,8.7363,6.6264,1485,581,9.0,46.8329,mixed,2023-01-02T03:00:00+00:00,2025-08-24T12:00:00+00:00
VADN0,Daman / Dam?n,c,20.4344,72.8432,10.0,238.07,airport/ICAO,,VADN,ok,2.6346,2.6346,2.6346,2.6346,662,661,1.0,53.4039,mixed,2023-02-11T11:00:00+00:00,2025-12-31T09:00:00+00:00
43060,Matheran,c,18.9833,73.2833,0.0,79.63,WMO,43060,,ok,20.4037,0.0114,20.3923,0.0114,1789,1,9.0,46.7562,mixed,2023-01-01T03:00:00+00:00,2025-08-24T12:00:00+00:00
43061,Khandala,c,18.7667,73.3667,539.0,58.77,WMO,43061,,ok,0.0,0.0,0.0,0.0,0,0,,0.0,unknown,,
43111,Mahabaleshwar,c,17.9333,73.6667,1384.0,68.36,WMO,43111,,ok,42.1533,0.0,42.1305,0.0,3707,0,3.0,72.6929,mixed,2023-01-01T03:00:00+00:00,2025-08-24T12:00:00+00:00
42920,Nasik Ozar,c,20.1333,73.9167,599.0,179.49,WMO,42920,,ok,0.0,0.0,0.0,0.0,0,0,,0.0,unknown,,
43011,Bir,c,19.0,75.7167,0.0,202.64,WMO,43011,,ok,0.0,0.0,0.0,0.0,0,0,,0.0,unknown,,
43013,Aurangabad,c,19.8833,75.3333,579.0,216.6,WMO,43013,,ok,0.0,0.0,0.0,0.0,0,0,,0.0,unknown,,
42916,Daman,c,20.4167,72.85,0.0,235.99,WMO,42916,,ok,0.0,0.0,0.0,0.0,0,0,,0.0,unknown,,
43153,Devgarh,c,16.3833,73.35,34.0,243.67,WMO,43153,,ok,0.0,0.0,0.0,0.0,0,0,,0.0,unknown,,
