station_id,name,cluster,expected_hourly_rows,expected_rows_at_chosen_cadence,rows_written,real_observation_rows_at_chosen_cadence,real_observation_share_at_chosen_cadence_pct,real_any_variable_share_at_chosen_cadence_pct,real_hourly_complete_triplet_share_pct,real_hourly_any_variable_share_pct,native_reporting_interval,modal_interval_hours,modal_interval_share_pct,temp_synoptic_coverage_pct,mslp_synoptic_coverage_pct,rh_synoptic_coverage_pct,complete_triplet_synoptic_coverage_pct,temp_missing_pct,mslp_missing_pct,rh_missing_pct,any_variable_missing_pct
42181,New Delhi / Palam,a,26304,8768,8768,8733,99.6008,99.6578,96.7077,99.4107,hourly,1,99.7399,99.6578,99.6008,99.6578,99.6008,0.3422,0.3992,0.3422,0.3992
42182,New Delhi / Safdarjung,a,26304,8768,8768,7474,85.2418,85.3558,28.8207,28.8701,3-hourly,3,96.01,85.333,85.3216,85.276,85.2418,14.667,14.6784,14.724,14.7582
42348,Jaipur / Sanganer,a,26304,8768,8768,8723,99.4868,99.5324,95.4113,98.2018,hourly,1,98.8154,99.5324,99.5096,99.5096,99.4868,0.4676,0.4904,0.4904,0.5132
42170,Churu,a,26304,8768,8768,7459,85.0707,85.276,28.3569,28.4253,3-hourly,3,98.649,85.276,85.1391,85.2076,85.0707,14.724,14.8609,14.7924,14.9293
42103,Ambala,a,26304,8768,8768,7400,84.3978,84.797,28.1326,28.2657,3-hourly,3,98.0366,84.74,84.5005,84.6943,84.3978,15.26,15.4995,15.3057,15.6022
42131,Hissar,a,26304,8768,8768,7267,82.8809,83.2687,27.6308,27.76,3-hourly,3,96.5758,83.1889,83.0178,83.1318,82.8809,16.8111,16.9822,16.8682,17.1191
43003,Bombay / Santacruz,c,26304,8768,8768,8759,99.8974,99.9088,96.0728,98.7949,hourly,1,99.2881,99.9088,99.8974,99.9088,99.8974,0.0912,0.1026,0.0912,0.1026
43014,Aurangabad Chikalthan Aerodrome,c,26304,8768,8768,8531,97.297,97.4453,63.5075,65.4957,mixed,1,73.5593,97.4339,97.3198,97.4224,97.297,2.5661,2.6802,2.5776,2.703
43063,Poona,c,26304,8768,8768,7487,85.3901,85.755,28.4672,28.5888,3-hourly,3,99.0559,85.6182,85.5839,85.5497,85.3901,14.3818,14.4161,14.4503,14.6099
43110,Ratnagiri,c,26304,8768,8768,7397,84.3636,84.4092,28.125,28.1402,3-hourly,3,97.703,84.3978,84.3864,84.3864,84.3636,15.6022,15.6136,15.6136,15.6364
42921,Nasik,c,26304,8768,8768,7355,83.8846,84.0557,27.9691,28.0262,3-hourly,3,97.3409,84.0214,83.9644,83.9758,83.8846,15.9786,16.0356,16.0242,16.1154
43117,Sholapur,c,26304,8768,8768,7231,82.4703,82.5844,29.2541,29.2959,3-hourly,3,87.4643,82.516,82.5502,82.5046,82.4703,17.484,17.4498,17.4954,17.5297
