window,cluster,station_id,rows,temp_real_pct,mslp_real_pct,rh_real_pct,complete_triplet_real_pct
heatwave_a,a,42103,272,95.956,95.956,95.956,95.956
heatwave_a,a,42131,272,98.162,98.162,97.794,97.794
heatwave_a,a,42170,272,98.529,98.162,98.529,98.162
heatwave_a,a,42181,272,100.0,100.0,100.0,100.0
heatwave_a,a,42182,272,98.897,98.897,98.529,98.529
heatwave_a,a,42348,272,100.0,100.0,100.0,100.0
biparjoy_a,a,42103,35,100.0,100.0,100.0,100.0
biparjoy_a,a,42131,35,97.143,94.286,97.143,94.286
biparjoy_a,a,42170,35,100.0,100.0,100.0,100.0
biparjoy_a,a,42181,35,100.0,100.0,100.0,100.0
biparjoy_a,a,42182,35,100.0,100.0,100.0,100.0
biparjoy_a,a,42348,35,100.0,100.0,100.0,100.0
monsoon_c,c,42921,57,98.246,96.491,98.246,96.491
monsoon_c,c,43003,57,100.0,100.0,100.0,100.0
monsoon_c,c,43014,57,100.0,100.0,100.0,100.0
monsoon_c,c,43063,57,100.0,100.0,100.0,100.0
monsoon_c,c,43110,57,98.246,98.246,98.246,98.246
monsoon_c,c,43117,57,49.123,49.123,49.123,49.123
